tweetid;user;content;date;lang;polarity
770976639173951488;noseashetero;@noseashetero 1000/10 de verdad a ti que voy a decir petarda que te quiero más que a mí mismo  ✨;31/08/2016 13:28;es;P
771092421866389508;Templelx;@piscolabisaereo @HistoriaNG @SPosteguillo las tengo pero aún no las he leído. Caerán prontito ;31/08/2016 21:08;es;P
771092111429083136;esskuu94;Al final han sido 3h  Bueno, mañana tengo fiesta así que.. No me quejo ;31/08/2016 21:07;es;P
771092070572449796;__ariadna9;@Jorge_Ruiz14 yo no tengo tiempo para esas cosas ahora mismo ;31/08/2016 21:07;es;N
771094192508600320;_cristtina15_;@_MissChaotic_ ves ese brillo? es un coso que hace que se sepan a kk ;31/08/2016 21:15;es;N
771116956518875137;JSorgex;Tengo una perrina adorable... Sabéis que me acompaña hasta la a habitación cuando me voy a dormir? ;31/08/2016 22:46;es;P
771115324884262912;Escarolilla;@juankipua Es que en el Ojeando el año pasado tampoco, tiene muchas canciones ya jajajajaja ;31/08/2016 22:39;es;NEU
771118683414560768;KaichiZick95;Bueno, estoy en la batalla final del Conquista y ya después me faltaría Revelación ;31/08/2016 22:53;es;NONE
770550748107202560;carlosnmr;@CondeDuqueMAD ¿mañana sábado 31? En que día vives?  Mañana es miércoles 31.;30/08/2016 9:16;es;NONE
770549862500802560;hermesni;@agcasti y el caminante ante el mar de niebla, uno de mis cuadros favoritos en portada ;30/08/2016 9:12;es;P
770549380294336512;lameri86;@vitojph ¡sí! Y me ha encantado  ¿Tú ya las visto? ¿Cuándo comentamos?;30/08/2016 9:11;es;P
770558771219271680;aladroqe;@aladroqe Se me olvidaban los grandes @2qblog y @estapillao ! A ver si os interesa es hilillo ;30/08/2016 9:48;es;NONE
770558626788507648;the_heruman;@pendragoncillo Mejor si pones un link a la cuenta, me ha costado encontrarte.. ;30/08/2016 9:47;es;N
770555355491426305;CharlieSkelter;@Majoras_Mark Por?  Tenía pensado verla después de la segunda de Daredevil ;30/08/2016 9:34;es;NONE
770554917685719040;Jess_BipOlateD;"@SoofRawr + ni el de al lado, la ""manita"" que usas para que se vea como más negro ";30/08/2016 9:33;es;NONE
770527686116700160;Mrjunjo;Llevo despierto desde las 8 porque un puto mosquito estaba volando en mi puta oreja y ;30/08/2016 7:44;es;N
770521682842877953;ElisaZamora;@ArchivoSGAE Qué estupendo. Y... ¿cómo os lo encargo?  ¿Es la estupendísima versión de Barce..? ;30/08/2016 7:20;es;P
770470969085464578;PatriCarvajal03;Cosas que enamora las tostadas calentitas a estas horas de la mañana ;30/08/2016 3:59;es;P
770544710440083456;XxSedixX;Hola buenos días, me he dormido a las 5 y algo y me acabo de despertar y se me ha ido el sueño ;30/08/2016 8:52;es;P
770560227531948032;krenecito;@omixam no creo que hayan diseñado una tipo propia ;30/08/2016 9:54;es;N
769977284514156545;itsgeorhero;@perriestheory sabes que en 2012 o 13 tenía una novela de mierda en la que perrie era mala ;28/08/2016 19:17;es;N
769979388825927680;botilux;@CarlosSadness en ninguna porque no te he visto en directo  concierto en madrid pronto pls;28/08/2016 19:26;es;NEU
770057070611722240;nalvarys;@uravity_ lo se pero tengo la esperanza de que en realidad sea un personaje mucho mas oscuro ;29/08/2016 0:34;es;N
770056603924037633;dos__is;Pa una vez que me pongo a ver películas con un amigo y se queda dormido ;29/08/2016 0:32;es;N
770059333489025024;kayatojpg;"@Hanita_chan nfin, no puede ser peor que un minikayato 
Clauyato is real";29/08/2016 0:43;es;N
770053036483940353;KharanosGame;@KharanosGame Que Kinox no me quiere   zi yo zoy buena perzona;29/08/2016 0:18;es;N
770032814729355264;FerZCarbonell;Este viernes iré al cine a ver #NoRespires para celebrar mi cumple. Por cierto, no estáis invitados ;28/08/2016 22:58;es;NEU
770221197309120512;Maarta_24;Podríamos empezar septiembre desde el día tres, no sé, estaría guay ;29/08/2016 11:26;es;P
770220682504470528;baddgyaI;y lo peor de todo es que funcionaba maldita Jaco como te quiero ;29/08/2016 11:24;es;NEU
770219320643387392;Lopzyyy;aqui fardando de que soy vegano desde hace 2 dias con mis amigos de tuiter! ;29/08/2016 11:19;es;P
770187533531643904;_Niflheimr_;@MisfitStormer pues hay gente así de mala por el mundo ;29/08/2016 9:13;es;N
770223986382962688;AlexysFlinG;@Mentestropeada Atraigo por los dos lados es un problema duro ;29/08/2016 11:38;es;N
770222346829520896;Norambu_;@YG__GF me ofrecería pero gerald es demasiado lindo ;29/08/2016 11:31;es;NEU
770238296865792000;patrisjournal;@baad_news es dirección de proyectos en empresas audiovisuales ;29/08/2016 12:34;es;NONE
770238084764041217;asiercg_7;Como destrozaba el puto movil ahora mismo ;29/08/2016 12:34;es;N
770237903062654976;Pro_Kaiiseer;#DiaDelVideojuegoHC por todas esas grandes tardes que nos hacen pasar y las que pasaran! ;29/08/2016 12:33;es;P
770237223916670976;CaroLedesma27;@DarkGiirI que va tía, muchos son viejos de mi madre, otros del chino. Los que me encantan y me estoy comprando son los del Kiko ;29/08/2016 12:30;es;P
770236753525481473;Luxaaas;Parece que hasta mañana no podré catar el madden. Hoy no habra directo ;29/08/2016 12:28;es;N
770242315306799104;manumm_97;Mi compañero de trabajo será mi futuro marido... que pena que no lo sepa ;29/08/2016 12:50;es;N
770215539037839360;MARUGENDA;@Reporte24ES @LaVerdad24ES fallecido hace meses. Hay q contrastar. ;29/08/2016 11:04;es;N
770214477363023872;Mikolisk;@Yore89 necesito mi ración de atención diaria que si no no mantengo la autoestima ;29/08/2016 11:00;es;N
770201127057063936;formatecyl;"@CristyStruky Gracias por dar a ""Me gusta"" a nuestros tweets  ¿que tal? ¿estás trabajando Cristina?";29/08/2016 10:07;es;P
770267484553347072;clinica_fuste;@Club_Ratoncito Nuestros niños no andaban de lo más animado con eso de que se acaban las vacaciones... ;29/08/2016 14:30;es;N
770266021802471424;AnarionLobogris;@vivanlospipis ser es muy malo pero bueno te salvas porque te queremos igual ;29/08/2016 14:25;es;P
770270539772493825;Clau_sheeran;Pero solo cojo 5 días porque me cambio de curro y ;29/08/2016 14:43;es;NEU
770269675141881856;KCarringtonFox;@dorysmemories Yo también me lo imaginaba así! También soy de las que creen que el casting es buenísimo, al menos yo estoy contenta ;29/08/2016 14:39;es;P
770269426834894850;sandry_lalalala;Despues de trabajar duro me merezco mis caprichos ;29/08/2016 14:38;es;P
770262568703291392;Segoahni;@LorasTyrellSer Yo también te puse algo bonito. Cuanto desprecio ;29/08/2016 14:11;es;NEU
770272501196845056;NoeliaPink98;No encuentro el mando de la tele y me estoy poniendo nerviosita ;29/08/2016 14:50;es;N
770246064645496832;anaviled;Lo mejor de estar ya en Málaga es poder ir a ver Escuadrón Suicida esta tarde ;29/08/2016 13:05;es;P
770178218255147012;Luis_Endera;@LaFeaDelBaile insoportable? Eso es lo que tú dices  Ya nos contarás, espero que vaya todo genial ;29/08/2016 8:36;es;P
770174003164155905;pmklose;@toniroldanm y por cierto el respeto (y en mi caso admiración) es mutuo ;29/08/2016 8:19;es;P
770173260218720256;RuTROPICO;"@CainQ yo he subido una en gayumbos hace nada. Qué poco me lees paisana 

  @Ichabod1880";29/08/2016 8:16;es;N
770281603713101824;Cthulhulove_;@EskizoSirenita hay que ser mala persiana para quitarte esa diversion ;29/08/2016 15:27;es;N
770281218948624384;neussgutierrez;@myvidaconlibros ¿verdad que sí? Yo también me quité un gran peso de encima ;29/08/2016 15:25;es;P
770281174451257344;CristinaSegui_;@cardinaleconnor Mañana no :(, pero seguro que hay gente buena  @cuatro @mananascuatro;29/08/2016 15:25;es;NEU
770277686304468992;ChemicalSuicide;@DeathManu94 @piercetheidiot ya lo sé, pobre Uno  Te acompaño en los feels;29/08/2016 15:11;es;N
770287599500091392;jose_parralo;@_anarKopunK_ @jkarlos1998HD y aún así estoy en el campo   y l edición coleccionista tengo que acabar de pagarla;29/08/2016 15:50;es;N
770283477195452416;hypocresia;me mantengo optimista pero se me hace difícil a veces de verdad ;29/08/2016 15:34;es;N
770288042687037441;KCarringtonFox;@tachina @EW @Outlander_STARZ Sí! Yo creo que vamos a acabar muuuuuuuuy contentas ;29/08/2016 15:52;es;P
770208550824075264;rafamerida64;"Vale entiendo, no he estado rápido en la bajada, pero hay es donde habría que haber entrado  

@ivanovlaguna";29/08/2016 10:36;es;N
770208079099072512;PsoeLugo;"@GxDRadioGalega Correcció ""Nin se nos pasa pola cabeza NON ser segundos"". ";29/08/2016 10:34;es;NONE
770204764709740544;wikimiscojones;Ha muerto mi profesora de volumen/escultura y en serio que bajonazo ;29/08/2016 10:21;es;N
770250234916110336;Insane_Irene;Haces que se vaya mi melancolía, me devuelves de nuevo a la vida ;29/08/2016 13:22;es;P
770249350194790401;miriam_HH;@Sakura1474 tia que estoy a punto de acabar la novena voy con retraso ;29/08/2016 13:18;es;N
770234256501141508;anailc74;@Madridonasangre yo acabo de aportar mi pequeña contribución. Te sientes tan bien! ;29/08/2016 12:18;es;P
770232966459092993;meteosojuela;@dfresneda_UNED pues la aludida ...y yo mismo...sí...Buen día ;29/08/2016 12:13;es;NONE
770231340612583425;EloySiio;Hoy una mosca no me dejó dormir y me cago en su puta vida ;29/08/2016 12:07;es;N
770230916048445440;carlosrebato;@Aldepadorio es un gran, gran tipo  @cesarmuela;29/08/2016 12:05;es;P
770248941522784256;candeluvi;@FraanBMJ pero entiende que era nuestro sueño  además cuando la vi creo que estábamos en 5 de primaria o algo así;29/08/2016 13:17;es;NEU
770248677264883713;AiryMadness;@Yuremonplsxd @PequeChikane Aquí habemos  me he saturado al leer eso idnwhy;29/08/2016 13:16;es;N
770248351841456128;Jose_Gil1997;@Jorge_LBU Espero que te mejores pronto, vomitar es muy desagradable ;29/08/2016 13:14;es;N
770247683395190784;ImanMontes;la chancla representa el asco y lo muy harta que está mi madre de aquí la menda ;29/08/2016 13:12;es;N
770253038447624192;HaagenDazs_ES;Hola @xabyjordi gracias por la información, tomamos nota  Qué tengas un buen día;29/08/2016 13:33;es;P
770254835669168128;Felandrock;@TheFuzzCanyon gracias por etiquetarme, pero no suelo hacer estas cosas ;29/08/2016 13:40;es;NEU
770254726134960129;Hristi_1X2;@KikeMlaga @sanchezcastejon ¿Socialistas honrados? Esto es un oxímoron. ;29/08/2016 13:40;es;N
770257983737589760;BlazeGold_;"que le pasa a mi tumblrr o.O
se ha vuelto extraño, no sale la musica ";29/08/2016 13:53;es;N
770257496342659072;G0kuB;Cada uno que busque sus mecanicas, pero que lo haga rapido antes de morir y eso ;29/08/2016 13:51;es;N
770228440985468928;RaimonDuran;"@suomijon @chemiF1 @WinfieldF1 ... bien pienso que tú te enquistas en temas secundarios sin ver ""toda la película"". ";29/08/2016 11:55;es;N
770228393799520256;LoneWolver;Ojalá alguien llamandome bonito o precioso  sad;29/08/2016 11:55;es;N
769975273559326720;tus_muertxs;@Sasnak95 @Muzska89 o hacemos presión social o esto no avanza ;28/08/2016 19:09;es;N
770050213847367680;sadhupito;@aIfonsofr no lo consigo  ayudame porfi que es super importante;29/08/2016 0:07;es;N
770075865845755904;Glorifiliaa;Despues de tener el combo perfecto pa sentirme como una mierda, a dormir ;29/08/2016 1:49;es;N
770074975747313667;annaromartin;Necesito ver por lo menos una vez más a Riri para irme a dormir más conforme. ¿Por qué tienen que echar a estas horas la gala?  #VMAs;29/08/2016 1:45;es;N
770048662818938880;allnotesabout1d;@OnSuicidio es una barbaridad de dinero, y aunque lo tuviera no puedo porque se contrata antes del show  -Noe;29/08/2016 0:01;es;N
770076999545196544;nacho_merinob;@jose97angel ¿eliminada? Nooo, no la han eliminado. Pasó a la semifinal el otro día ;29/08/2016 1:53;es;P
770151813064654848;rais38;@jonathanchacon te deseo muchísima suerte en tu próxima aventura tío ;29/08/2016 6:51;es;P
770151752964382721;LG_ES;@EduHdez7th @UDLP_Oficial Preciosa vista y gran resultado, enhorabuena ;29/08/2016 6:51;es;P
770135955109969920;elputosocio;@_MrsCristina te amo, aunque parece que te has dormido cuando quedaban 5 o 6 ;29/08/2016 5:48;es;NEU
770135922604138500;vicampuzano;@MataTweet @Alejandro_Novas jajajajaja. El All Bran es Pro!  Buenos días compis! ;29/08/2016 5:48;es;P
770025462152265728;Miriam_R97;De verdad desde que me puse las gafas moradas no soporto a ningún tío y ;28/08/2016 22:29;es;N
770025123118215168;walikk;El puente mas bonito de la constitución este año en Alicante 12,13 y 14 @zaharapop en directo y allí estaré ;28/08/2016 22:27;es;P
769981814689632257;alfonso_ng;@ce_roses Ouch, ya no llego, a ver si para la próxima si que puedo  un saludo;28/08/2016 19:35;es;N
770022541813489664;prietsophie;Aaaa aaa estoy tan cansada y me espera una semana tan horrible hasta el jueves que ;28/08/2016 22:17;es;N
770162951571603456;ParanoidNeva;"@Fourty35 

Es este chisme, que no expresa los matices. No era la idea el elemento cortante.

";29/08/2016 7:35;es;N
770161501370015744;SanchoNoelia;Venga va hasta luego, solo he dormido 3 horas ;29/08/2016 7:29;es;N
770161397665767424;R_Porcar;@Ronronia @MsLectora Uf, los freudianos! Vinieron a tomar café el miércoles y aquí los tengo aún,  acampados en el pasillo  Bon dia ;29/08/2016 7:29;es;NEU
770160286699491330;TSAGranada;"Un vibrador que nos estudia...se adapta a nuestras necesidades.
Lo mejor del #Verano este #juguete inteligente 

https://t.co/VLgBuWnYX7";29/08/2016 7:24;es;P
770159562490015744;the_heruman;@carlachan Ja ja, hay gente muy cansina, sobre todo a partir de cierta edad, paciencia... ;29/08/2016 7:22;es;N
770159312580800512;Tulipan_Negro;@emedemo holaaaa de origen vegetal  nunca nunca nunca de origen animal, buen día ;29/08/2016 7:21;es;NEU
770146996254547968;JoseM_Perez;@gilthoniel_1987 Si estoy trabajando 😭, con vistas eso sí. Buenos días!! ;29/08/2016 6:32;es;NEU
770142637852688384;flipper83;@eenriquelopez era por troleaer, usar store data  valdría auqn tampoco sería preciso. #troll;29/08/2016 6:14;es;NONE
770208850788093953;arashyhatake;oir a @KNekro  y a @G4G_Revenant que haran directos del wow pero no se acuerdan que el server lo mas seguro ni que vaya  jaja ;29/08/2016 10:37;es;N
770183418189668356;pmklose;@ElnAlfaro Sí. En realidad no pensaba q fueran a recortar tanto. La querencia es mutua ;29/08/2016 8:56;es;NEU
770198030708510721;Manuel180694;@lococamionero @pnique no, si pagar le pagaba bien, tranquilo ;29/08/2016 9:54;es;P
770212600881766400;armandowulff;lo mejor de to es que me examino justo el dia de mi cumple pero bueno la vida ;29/08/2016 10:52;es;P
770739469502865408;fibroluminique;@alejandrosanmo @luisalisferrer Hay una historia escrita donde salen las mujeres, pero no es tan popular ni se estudia en las escuelas ;30/08/2016 21:46;es;N
770752938147012608;SergiBleda;@Valenciazombi Genial! muchas gracias. Mi fanpage de FaceBook sigue activa también, aunque yo no entre ;30/08/2016 22:39;es;P
770752263111446528;TheFuryoStyle;2. Si. Eres mi crush máximo aunque te considere de mis mejores amigos ;30/08/2016 22:37;es;P
770752206098272256;promeji;Digo yo que tengo mala memoria y mi vecino se ha tatuado el nombre de su mujer ;30/08/2016 22:37;es;NEU
770737973759447040;elenaarnaiz;@enriccortinhas Mil gracias por compartir Enric! Feliz noche ;30/08/2016 21:40;es;P
770737743999668225;Nyxtallica;@BrokenCr0ss_ Eres mi emo fav. Lo de emo es coña se que no lo eres. Quiero verte. Cantas muy bien maldito. ;30/08/2016 21:39;es;P
770769659683545088;AllvRodriguez;@IleniaGarcia @LauraHerreraCb @Caro96lina @LaraRMartin HAHAHAHHA MMM NOS VAMOS EN 2 semanas y no tenemos ni hotel Pa la primera noche 😂😂😂 ;30/08/2016 23:46;es;N
770768269292822529;Casperiino;@YumaRuchi sigue mejor que mi pelorizo  FeelsBadMan;30/08/2016 23:40;es;N
770767938991353856;C3RVE;Limo sadboy de mierda la vida es maravillosa ;30/08/2016 23:39;es;NEU
770734183169789952;promeji;@marcasgz ufff ni te imaginas, y claro encima dándome golpes en la cabeza por mi sentido del humor ;30/08/2016 21:25;es;N
770733650501566464;bradpitto00;"Aquí tenéis el segundo vídeo del día  14 días para tener PES 2017 y la demo de FIFA 17!! WUOUUOO 

https://t.co/8hh6Fu6kRB";30/08/2016 21:23;es;P
770771380975591424;AlaiaYeah;en verdad me duele la vida recordar este momento porque fue tan bonito ;30/08/2016 23:53;es;N
770770970596483072;50centimosrise;@CharlieSkelter ehhhhhhh ese no he sido yo, y lo digo muy en serio  hasta los cojones de que me roben mi puto identidad.;30/08/2016 23:51;es;N
770770961494863873;Pequepelirroja;Que mal rollo da dormir sola diariamente en casa ;30/08/2016 23:51;es;N
770770776060559361;w0lfshade_;"Lo que ma el ser optimista que hay en mi (qUE LO HAY AUNQUE SEA MINÚSCULO)
Lo que meno el hecho de no confiar  https://t.co/OafLkK91G2";30/08/2016 23:50;es;NEU
770637346450661376;runesonmyskin;Bueno ya tengo unos links guardados para el summer finale de pll  Espero que me funcionen hmm...;30/08/2016 15:00;es;P
770636899971108864;ImImperfectgirl;@Pedroner Pues deja de hacer en pervertido y de viciar y haz algo por tu vida ;30/08/2016 14:58;es;N
770722093860327424;ivo_kk;Dicen que Twitch va mal hoy, pero aún así os pondré stream en 20 mins ;30/08/2016 20:37;es;NEU
770704491117150208;mort;@jjsaenzde A mí me haces un favor, encantado  @srtagalicia;30/08/2016 19:27;es;P
770703890220212225;AntonioGarciaN2;@arturocaracuel @javifontalba @joaquinito71 @desmarquemalaga el.partido estaba pa Lugano ;30/08/2016 19:25;es;NEU
770705925149696000;merceroura;@manueljorgegh @RLloria gracias  feliz noche a ambos!;30/08/2016 19:33;es;P
770705705523351553;NinioXplotao;Necesito dos rodamientos, Marcos mañana traemelos porfa ;30/08/2016 19:32;es;NONE
770702799470489601;eferro;@lantoli podemos usar el término.equipo pepino ;30/08/2016 19:20;es;NEU
770702414852882432;reemplazable;@GermanDZ @jmbeas @CarlosTheSailor @penguinjournals Yo creo que el consumo cerebral es inversamente proporcional a su uso ;30/08/2016 19:19;es;NEU
770701854661611520;AndresMachoXIII;Tengo poco dinero y poco nivel (nivel 6 bitches). Así que nada de historia, farmear y contratos a muerte ;30/08/2016 19:16;es;N
770700832329302016;SimonPerera;@ranoeldelbar @HacheFilardi @Noel_PI Claro claro! Buscamos justo los otros ;30/08/2016 19:12;es;NONE
770700614208786432;Judit33cervia;@mividaaburrida @juanpabloraba por dios que guapo sale, que pena que en españa supongo que no saldrá ;30/08/2016 19:12;es;NEU
770698967474696193;arrozconnori;@Soukron si mi salón de 25m pasará a ser de 50… igual si, pero para mí caso ahora mismo, ideal ;30/08/2016 19:05;es;P
770726042315161601;PalabraDeRuly;"¡Eh @rccelta_oficial, #GuidettiNoSeVende! 

Pero entre nosotros... Si lo vendéis, mandarlo para Valencia eh  #AmuntValencia #HalaCelta";30/08/2016 20:53;es;P
770725676798410752;sanchomichell;@ricki33_ me quedo con la tónic ya sabes que soy un clásico ;30/08/2016 20:51;es;P
770725552944742401;alltheloveidols;@whoscabello Es que es verdad, prefiero mil veces que estea sana que ir a verla al concierto y que se encuentre mal ;30/08/2016 20:51;es;NEU
770639468650954752;complejisimus;@LaQueSoySiempre @ealbaga Por desgracia vende más  ,riñas,trifulcas,peleas,al cuello!! mátalo!!;30/08/2016 15:09;es;N
770624050259451904;DavidOuchEPK;@SoRaRaP eso sería más propio de ellos, yo no me ensucio las manos con personas dependientes ;30/08/2016 14:07;es;N
770644810118168576;complejisimus;@LaQueSoySiempre Te comprendo,dominar y anular como haces tú conmigo al HABLARME en voz ALTA,ok ;30/08/2016 15:30;es;N
770641472580415488;JustEat_es;@GemitaKbyos ¡Enhorabuena! Eres la ganadora del sorteo,escríbenos por mensaje privado para darte el premio ;30/08/2016 15:16;es;P
770641328283811840;JustEat_es;@AitanaZD ¡Enhorabuena! Eres la ganadora del sorteo,escríbenos por mensaje privado para darte el premio ;30/08/2016 15:16;es;P
770678209381892097;SimonPerera;@Noel_PI habrá, pero no conozco y tb habrá mucha etimología popular falsa... El Wiktionary para mirar uno por uno va bastante bien ;30/08/2016 17:42;es;NEU
770677317895094273;vanneontravel;@xladyoflight claro que sí, París merece mil visitas ;30/08/2016 17:39;es;P
770654500306690048;ProyectoWaikiki;.@FestivalGigante vamos a estar desde primera hora viendo a @GoleYaika y @SonogramaGrupo pero son bienvenidas alternativas emergentes! ;30/08/2016 16:08;es;P
770654319213436929;bieberft_auryn;@Safreeoficial y pfff...tambien la gente me caia genial..y me da muchisima pena ;30/08/2016 16:08;es;N
770680542522183680;jmmacias7;"La persona vale para algo. Otra cosa es que no te creas lo maravilloso y ese arte que puedes desplegar..fingelo hasta que se exprese.
";30/08/2016 17:52;es;P
770680162115588096;AlainCuenca;@pmklose Le conocí en 2011, me pareció inteligente, respetuoso y respetable, pero combativo, si... ;30/08/2016 17:50;es;P
770687795396509696;GonzaloAscanio;@cartoblasto @mrobaina @uby77 no seas malo  se pide sobre PIB  déficit 4% es 40.000 millones gastados + que ingresados jaja;30/08/2016 18:21;es;N
770687689020600321;AiryMadness;@AliceDesuDesu Legion>Novia? Lo bonito es Legión + novia en el pack  asi juegas con ella.;30/08/2016 18:20;es;P
770624610798858240;NataGarcia__;@RaulVCF__ ya y asi se va a quedar hasta que encuentre una de villa nueva en calidad ;30/08/2016 14:09;es;N
770684236533796864;Kiiroi7;Doght es amable,Doght es cariñoso,todos quieren un Doght,disponibles,en ninguna parte ;30/08/2016 18:06;es;NEU
770683204047175680;PepeAyalaSpain;@albertbru una especie de Titanic pero en versión cutre no? ;30/08/2016 18:02;es;N
770689773040173056;freewithyou_;"15. No me gusta el término  
16. Meh 
17. Depende de qué
18. No 
19 Un perrete prechiocho 
20. No
21. No
22. El año pasado";30/08/2016 18:28;es;NONE
770689436459921408;manal20102;@maaryamxd le doy a me gusta como fuera Rt ya que tu cuenta es privada,vale? ;30/08/2016 18:27;es;NONE
770689209095098368;sonsolees;@xtrelok pero del practico ya? No me dijiste que hacías prácticas. ;30/08/2016 18:26;es;N
770707842886164485;merceroura;@jimena9011 @JM_VelascoG muchas gracias! feliz noche a ambos ;30/08/2016 19:40;es;P
770707710765588481;SimonPerera;"@SiMeLaTarareas @HacheFilardi @Noel_PI sí, los epónimos!  como ""rebeca"" también ";30/08/2016 19:40;es;NONE
770710633037824000;Gf7Noemi;@magoangelESP mago dejaras el vídeo subido en youtube, es que ahora no lo puedo ver ;30/08/2016 19:51;es;NEU
770682589455773696;mgalandejuana;@BorjaCastejon Llévales bibliografía! La evidencia en educación médica existe ;30/08/2016 18:00;es;N
770710821513158656;QuePutoZuenio;Si papá vas a regalar mi piano, tranquilo que te dejo, no te preocupes ;30/08/2016 19:52;es;P
770657940365778944;Synlencer;@ShiyuuTeikoku @__Frostmourne__ y ojo no les nombres el HSM que se ponen todo dignos ;30/08/2016 16:22;es;N
770657834749034496;manal20102;Me retuitea gente que no conozco y sus amigos no tiene los mensajes abiertos y no sé que haser ;30/08/2016 16:22;es;N
770657192357789696;FranciscodPaula;@esther_trota Espero que te guste  Escocia es precioso!;30/08/2016 16:19;es;P
770720098789261312;benjami;@lonchbox @ipatri @Joan_Artes @martasimonet @malabache @YouTube el dulce de leche hizo mucho daño ;30/08/2016 20:29;es;N
770719897940848640;Paloma_EB;@Aitorek @ArvenLoL yo ya en eso no me meto  sacar las cosas de contexto y llevarlas a tu terreno es algo diferente;30/08/2016 20:28;es;N
770718625875591176;vicentejuan;@_rvng En Castalla (Alicante) muy oportunamente, a primeros de mes celebran sus fiestas de Moros i Cristians i todos están de fiesta! ;30/08/2016 20:23;es;P
770717939175723008;merceroura;@MonicaRuedats gracias, Mónica! feliz noche, guapa ;30/08/2016 20:20;es;P
770717151120465920;gekalt;Encantado @juanl_cruz  estás siempre bienvenido. Espero visitaros en Málaga antes ;30/08/2016 20:17;es;P
770754988939370496;Aurembiaix1969;@Maleski ¿Y a tu agente del CNI no le deseas buena noche? Pobre. ;30/08/2016 22:48;es;N
770720434941820928;Neo54x;@AngryCharlio ostia... jugaba a uno de los primeros en la SNES en japonés!! Y lo jodido es que lo acabé  Me encantaban estos juegos!;30/08/2016 20:30;es;P
770713182533025793;Alis_8496;@Pablogorrito @Yulian_Poe Vale me san confundio los oido  hacía mucho que no escuchaba el cara al sol JAJAJA;30/08/2016 20:01;es;N
770712312693030912;Luvbrains;@Suli22 ni siquiera llegué para ver las competiciones de Río en directo, solo las barras asimétricas de Aliya ;30/08/2016 19:58;es;N
770714136904863745;reemplazable;@ialcazar @CarlosTheSailor @kinisoftware @tolivern Ah! No se, yo uso sickrage que no entiende de divisiones ;30/08/2016 20:05;es;NONE
770715715003355136;Alis_8496;@Pablogorrito @Pablo_VzP No sabe a mierda, está muy buena ;30/08/2016 20:12;es;P
770715234642329600;arrozconnori;@Tokpelotas @Carlbozal +1 y coincido, no imaginaba que el 4k se notaría tanto a esas distancias. Pensando en pasar a Netflix UHD ;30/08/2016 20:10;es;P
770711670809300993;marinajholland;@BornToBeJuan lo siento Juan ya sabes que soy hetero ;30/08/2016 19:55;es;N
770711642971734016;cyhristian;@thorelvasco @PabloGenis yo no me tiro pedos soy un princeso ;30/08/2016 19:55;es;NONE
770711406857555969;andreaiban;Mi móvil no me deja abrir los grupos y tengo unos 600 mensajes así de regalo ;30/08/2016 19:54;es;N
770656648834801668;FranciscodPaula;@GinaSieben Pues sí, es precioso como bien puedes ver en el vídeo ;30/08/2016 16:17;es;P
770667983236636672;1976andresg;@mtscano veo ahora mismo más fácil el sí del PNV mañana, ha dejado clarito lo que piensa del diálogo aquí ;30/08/2016 17:02;es;NEU
770667505425780736;DMrcd;@johnny21es Bueno, me piro a la piscina , que hace un día estupendo ;30/08/2016 17:00;es;P
770670451899133956;pmklose;@aparachiqui @kikollan tu suma a una semana de verte abocado a elecciones ;30/08/2016 17:12;es;NEU
770670356612939780;raulrsan;Isco con Juande no seria titular y lo sabeis... al mister le van mas los Tissones... ;30/08/2016 17:11;es;N
770627505854226432;LeRenoBoy;Esto de salir a en punto de casa, y que el bus tarde 10 min en llegar, y vaya muuuuuuy tranquilo no me gusta. Eh? ;30/08/2016 14:21;es;N
770670090345938944;A_PEIRO82;@offerrall @DarksDiego997 se puede hacer directo desde la ps4 sin capturadora ;30/08/2016 17:10;es;NONE
770669297488302080;elevenfemixunga;Me meo con las voces españolas  encima pronuncian Raven como /raiven/ en vez de /reiven/.;30/08/2016 17:07;es;N
770673904335646720;SimonPerera;@Noel_PI Y Noel significa Navideño, pedo también lo asumimos. Pero alguien lo tuvo que poner por primera vez ;30/08/2016 17:25;es;NONE
770693990895194112;DildoDeDragon;"tengo muchas ganas de mimitos, y sabia que pasaria y ahora pos 
a ser fuerte o algo";30/08/2016 18:45;es;N
770666914523774977;Spoiler_Chochal;"la verdadera eriichii me hubiera dado besitos
SO MARRANA ";30/08/2016 16:58;es;N
770666893116145664;nacho_merinob;"@hectorboigues ay, pues gracias... 
Al menos tú sí lo ves como algo ingenioso... Ayer me dijeron que tenía un insufrible sarcasmo ácido ";30/08/2016 16:58;es;NEU
770696022439890944;manal20102;@Nadieelosabe Vale vuelvo a preguntar. No sabia no que te siguiera ;30/08/2016 18:53;es;NONE
770695708399796224;TonichanPiedra;@SEGAFORLIFE es la feria de mi tierra  Solo espero que sea un éxito y ser un gran anfitrión ;30/08/2016 18:52;es;P
770629639295434752;amorenoalv;@HCFanego @almoregan Gracias, tú también  Por cierto, vete rellenando la bodega, que el 17 estoy allí;30/08/2016 14:29;es;P
770628475229175808;JustEat_es;@mercesori @clicfox ¡Enhorabuena! Eres la ganadora del sorteo,escríbenos por mensaje privado para darte el descuento ;30/08/2016 14:25;es;P
770758191365980160;RaulKCobain;@Sara_Bouvier nada, yo por lo menos cuando compré la guitarra eléctrica me salió muy parecido a sí la hubiese comprado en Thomann ;30/08/2016 23:00;es;NEU
770757357513109504;AndresMachoXIII;"Un poquito de Ministerio del Tiempo y a dormir, que mañana hay que hacer muchas cosas 
Bona nit";30/08/2016 22:57;es;P
770760066127495168;Xriz_yeni;@SonrieXRIZ ya  Si algún día soy rica te llevo conmigo a verlo a donde sea, promesita 👉👈;30/08/2016 23:08;es;P
770759439347544064;Paula__Vega12;No, no. Ya no te quiero, me declaro soltera a partir de ahora, me has hecho daño  @carjudi6;30/08/2016 23:05;es;N
770784389953359873;masalladelmar;@imconnorstruck mi corazón dejó de palpitar como una papa frita cuando empezó el capítulo  #PLLSummerFinale;31/08/2016 0:44;es;NEU
770661853827592195;usefernandez;"Lo mejor de todo...la felicidad  
felices porque pronto veremos la boda de J&P… https://t.co/RXtpPrcVe7";30/08/2016 16:37;es;P
770646758020026368;MigueelAngelR7;@forbaltihood De nada jo a veces solo hace falta esperar y tener paciencia ;30/08/2016 15:37;es;P
770646332184944640;StayTrueorGTFO;@Haplo_Schaffer Lo mejor son sus amiguitos defendiéndole diciéndome a mí que pase página cuando es él el que no me deja en paz ;30/08/2016 15:36;es;N
770646101653393408;vxrnnxn;@BubblesaurTV eso es lo peor de todo, de verdad, no se cómo no les da vergüenza, me dan ganas de llorar ;30/08/2016 15:35;es;N
770648383098908672;nastydxni;@CheeseLena_ emberdá mis dibujos del paint son mejores ;30/08/2016 15:44;es;N
770643261140656132;1976andresg;@plcido_vzquez @cultrun creo que duran más que tantos amores eternos ;30/08/2016 15:24;es;NEU
770665974752243712;nacho_merinob;@hectorboigues a preguntas mediocres, respuestas ingeniosas...  ;30/08/2016 16:54;es;N
770665070993018881;Chavestoteles;@lorzagirl oye, que mi madre se le cortó la leche  y mirame, 1,85 XD, aunque algo enfermizo de pequeño. Ahora, lo de la leche X...;30/08/2016 16:50;es;NEU
770622081922891776;Manuel180694;Ya llegó Unidos Podemos, @Pablo_Iglesias_ y @AGarzon acaban de llegar juntos al @Congreso_Es ;30/08/2016 13:59;es;NONE
770621786169958400;Ralbarn;@ArthasSama @Holic_meri es por no destrozar tus posibilidades con la gente guapa ;30/08/2016 13:58;es;NEU
770650861160828928;FFantasyGames;@TheFlowerGirl90 a bueno le fuistes a decir.....  quevaaa yo tengo muy poca cosa tambien ^^ ;30/08/2016 15:54;es;N
770275229742628864;elevenfemixunga;@Crisnosesae @l30n4_ tio a mi sus libros me encantaban  pero es verdad que con el mensaje se ha pasado de clasista xd;29/08/2016 15:01;es;NEU
770275162415661061;abarbero;@javier_andres @txarly fui idiota y pude comprarlas hace días. Parezco nuevo. ;29/08/2016 15:01;es;N
770275068949700608;biebnsky;me he ido a la ducha y se me ha olvidado coger la ropa  ahors tengo que salir a por ella y como haya alguien en mi ventana me ve desnuda;29/08/2016 15:01;es;NONE
770274624651325440;VOADxProjects;"@Shiroychi ¡#Nunca! ^^
Lo hablaremos, lo hablaremos. ^^
Seguro que coincidimos en más de una convención. ";29/08/2016 14:59;es;P
770274148492992512;merceroura;@LauraCarvajal @RLloria @arturovillegasg @perezreverte @BmDulce @scardige @Laura_Chica @drcesarlozano un abrazo  es mutuo!!;29/08/2016 14:57;es;P
770274050727931904;kikillovlogs;@KoiSamsa jajajaja yo creo que esa fue improvisto eh! muchas grasias hermosa!! ;29/08/2016 14:56;es;P
770315388064239616;Funkiyo;@LovNaty Tu vida ha parido a un grandisimo hijo de la gran p... , un maravilloso hombre!!. ;29/08/2016 17:41;es;N
770315319881719808;nacho_merinob;@Javiturpeiro eso dice mucho de él... así que nada, tómate tu tiempo que cuando estés preparado, todo llegará ;29/08/2016 17:40;es;NEU
770315307206471680;saragabeph;@ninivecardenas2 Te puedes creer que te iba a poner lo mismo  Te quiero mi Nini;29/08/2016 17:40;es;P
770291852914425857;Funkiyo;@Rakshasa21 Pues no disfrutarás de un Dulce suelo ;29/08/2016 16:07;es;N
770291537481723904;Arukkard;@ISanDesign @Hobby_Consolas jaja y por que lo peor, los juegos de Ubisoft no son tan malos, lo que si es un poco malo es ser solo de Sony ;29/08/2016 16:06;es;N
770291372272259072;mtvspain;"¡Ya hemos contactado con los ganadores de #YosoyMTVJammingVibe!
Atentos porque mañana lanzamos nuevo #concurso  https://t.co/K0xoobBiM3";29/08/2016 16:05;es;NONE
770114408467095552;silviamatey;Cuando no puedo dormir, escribo todo lo que preocupa en una libreta que alguien me regaló y es como un somnífero instantáneo ;29/08/2016 4:22;es;P
770142365927501824;elputosocio;@StealThisHills omito el *con alguien*, pensaba que estaba claro ;29/08/2016 6:13;es;N
770140633419964416;Cris_RoLan;@Otxu88 espero que fuera todo bien y ahora a por una gran semana ;29/08/2016 6:06;es;P
770114952455712768;Tarekbamrani;@CNNEE y si puedo trabajar en Madrid, Buenos Aires o Bogotá yo sería también muy feliz hihihihi ;29/08/2016 4:24;es;P
770169656451731456;LuciaPapacarlos;Al principio él no te gusta , pero te acaba gustando y cuando te deja lo extrañas ;29/08/2016 8:02;es;NEU
770156782299865088;GonzaloAscanio;@tinoroso @titomartin67 @uby77 es un término coloquial, no un análisis ;29/08/2016 7:11;es;NONE
770155606514728960;RiammiDiamond;me encantaría mucho tener una buena cámara y saber como usarla a la perfección ;29/08/2016 7:06;es;P
770166170624360448;adinamita77;"@_mhiguera en cualquier caso gracias por tu ""welcome back"". Qué cálido ha sido ";29/08/2016 7:48;es;P
770165342035410944;iuliandebarros;Han tenido buena iniciativa @AnabelCampo y encima son amigos ;29/08/2016 7:45;es;P
770165126519525376;adinamita77;"@_mhiguera me ha dicho que es ""bienvenida de nuevo"". Pero ya me has hecho ir allí y ya  tú sabes que no suele haber nada bueno ";29/08/2016 7:44;es;N
770164540118016000;EuBarrera3;"Ahora me daba yo un manguerazo a ver si se me quitaba esta cara de ""hola he dormido 2 horas"" ";29/08/2016 7:41;es;N
770163887836696576;kukuarria;@JulenReal Anda que no nos hemos subido ahí tu y yo en el paseo nuevo,  en fiestas de semana grande  ... ;29/08/2016 7:39;es;P
770459663859146752;robbieXcessive;@henryancat tio es que esta el librillo recien comprao der chino y me toca la polla 😂😂 vente pa casa te doy un piti ;30/08/2016 3:14;es;N
770480174035075074;muguruzo94;Janowiiiiiiiicz ole tus cojones y ole tu set y tu over!!!! No me pago las fiestas pero si algún cubata!! Buenos diiiiias mundo!! ;30/08/2016 4:36;es;P
770541228299526144;AdriDeMagala;@AlbbaBernet póntela y te das una vuelta por Málaga porfa ;30/08/2016 8:38;es;NONE
770540223751225344;sdnss__;Me ha explotado un vaso en la mano, que forma tan bonita de empezar el día ;30/08/2016 8:34;es;N
770539606387396608;WarnerMusicES;@crypsicho Significa que nos ha resultado gracioso cómo lo has dicho. Como ya comentamos, al final en 2016 es imposible traerlos ;30/08/2016 8:32;es;N
770539347779158016;StayTrueorGTFO;"@insumisiones Es asqueroso esto. Amiguitos de mi ex diciendo que normal que me pegase porque ""tengo mucha mala leche."" 
Increíble.";30/08/2016 8:31;es;N
770565952303951874;kirsweg; alguien sabe donde puedo intercambiar photocards de exo? o-o;30/08/2016 10:16;es;NONE
770564742947696640;ClaraLuuque;"AHHH
Todo el mundo me manda audios y no puedo escuchar canciones tranquila ";30/08/2016 10:12;es;N
770584408080474112;ctxt_es;@Nine_Stories Somos pequeños y modestos, no podemos abarcar mucho más. ;30/08/2016 11:30;es;N
770584357983621120;Flowerminx;@GabanFK tengo las 3 ediciones originales, y bueno...no los aguanto, demasiado antiguos ;30/08/2016 11:30;es;N
770582848885649408;albulapass_;@HijodeBilharzio Que bonita zona de entreno escogieron ;30/08/2016 11:24;es;P
770582154040451072;arashyhatake;@FrigoAdri yo tengo que verlo tio  jaja pero se lo merece  ya hacia tiempo que lo se merecia;30/08/2016 11:21;es;NEU
770582014118559744;Flowerminx;@DanteDirewolf porque cuando veía a mi hermano jugar tenía malas pulgaaas ;30/08/2016 11:20;es;N
770581249975083008;DMrcd;@CarlosLMiranda Buen artículo Carlos , se va Lucas pero tampoco hay que dramatizar , casi me haces llorar ;30/08/2016 11:17;es;P
770578350955978752;msanchezb_88;Despues de todo sigues pendiente de mi y lo sabes, pero autoengañarse is moreee easyy ;30/08/2016 11:06;es;N
770577933660454912;MariaYago;@UniversoMujer18 ya se acabo la hora jajaja estoy expectante a ver si me ha tocado el #cubreSelFem para llevarlo a todos lados puesto ;30/08/2016 11:04;es;P
770577763967365120;Flowerminx;Algún alma caritativa me tiene que prestar el Pokemon  ;30/08/2016 11:03;es;NONE
770571007736287232;aladroqe;@lithospheric Mejor. Cuando pagan la ESA y la NASA, al fin y al cabo pagamos todos  Que chulada!;30/08/2016 10:36;es;P
770570843382484992;Pedromonago;@RASAMA_ yo puedo cambiar de opinión, de cara es más difícil, porque vale una pasta. ;30/08/2016 10:36;es;N
770570765821480961;Alis_8496;@ivan11PG Aunque aquí precisamente ninguno de los dos pero da igual por qué me haces esto ;30/08/2016 10:36;es;N
770569685834293248;ivethencalada17;@BertoValen I'm back! Aunque esté desaparecida en combate me alegro a lot de tu graduación, Dr! Mucho ánimo en el MIR! Un abrazo grande ;30/08/2016 10:31;es;P
770575339466653696;CristianFdez28;@FranCartagenaCT @BurnleyOfficial @ChelseaFC Bastante, bastante. Ganitas de verlo romper la Premier. ;30/08/2016 10:54;es;P
770571712761069568;VI_Lelouch;@Vic_Phantomhive Nah, que soy un pringao que lleva aguantándole mucho y ya estoy cansado ;30/08/2016 10:39;es;N
770590253937790976;Glamurosa79;@goetha  Ahora es Abel quien está resfriado  es lo ke tiene estar juntos todo el tiempo jajaja el curro bien? ;30/08/2016 11:53;es;N
770590136828559360;YeOldeNemesis;@daniacal aún no, pero si estará jugable en el TGS no creo que tarde demasiado. ;30/08/2016 11:53;es;P
770590083753906176;_CorLeonis;"Está puesta la película de ""Cómo entrenar a tu dragón"" en el autobús pero la pantalla está demasiado lejos y yo soy un topo. ";30/08/2016 11:52;es;N
770561721157255168;DjBorja_Martin;Último dia en Elche, ahora toca Benidorm ;30/08/2016 10:00;es;NEU
770576044856320000;Alis_8496;@ivan11PG Aunque esto no es una lucha, estamos jodidos y punto ;30/08/2016 10:57;es;N
770503792194453504;tonitmorro;De aquí a una semana hará cuatro años que vivo en Barcelona. Creo que por el momento no se me ha dado nada mal ;30/08/2016 6:09;es;P
770603865968353281;couso_jose;@Maquinuelo @ivansilvamatias si para ti que le vaticina al club 2 o 3 años no son malas palabras vale   ;30/08/2016 12:47;es;P
770603624028336129;ElFuns;@nachobartolome de hecho, Nintendo Magic fue la principal fuente de información para mis especiales biográficos de Iwata ;30/08/2016 12:46;es;NONE
770599961511596034;rudeirwin;tio pero cuando dawn dispara a beth y daryl la dispara a ella inmediatamente y se pone a llorar ;30/08/2016 12:32;es;N
770599293711421440;MarisaArtistt;@prettio_cgm bueno,  es algo..  Cuando encima no sabes porque te pasan las cosas todo es un poco peor  lo dicho, muchos ánimos ;30/08/2016 12:29;es;N
770594679255556100;rdeheras;"Ha ardido una caravana aparcada al lado de la playa  
Fuego ya sofocado por los bomberos @… https://t.co/LgbW9ryGWy";30/08/2016 12:11;es;NONE
770593840533241856;the_heruman;@Perguelofici Pero, en gral, de acuerd una opinión muy interesante! Tendría q escribir también una entrada en mi blog  @CarmenAgustin;30/08/2016 12:07;es;P
770619157935230976;Jezabelmidnight;@MV3ga hay cosas del hilo con las que discrepo. Como me sigues hace poco, te aviso de que yo hago rt a lo interesante, coincida o no ;30/08/2016 13:48;es;NONE
770618684876259328;ctxt_es;@joseplluismunoz @Congreso_Es @WillyVeleta @gerardotc Está de camino, friéndose bajo el sol sevillano ;30/08/2016 13:46;es;NEU
770617338307579905;the_heruman;@otonashi_saya Pero la verdad es que en general no voy mal de motivación... casi al revés, me sobra motivación (y ego ;30/08/2016 13:41;es;P
770617284587098112;vanneontravel;@ia_nav @Los40Trending @dcodefest @LEONBENAVENTETW ten por seguro que si queda libre cuento contigo ;30/08/2016 13:40;es;P
770617213887746048;the_heruman;@otonashi_saya Ja ja, imagino que cada uno de una forma distinta. Yo me compro gadgets o veo una peli (como Interstellar ;30/08/2016 13:40;es;NONE
770616744192929792;IsuraDes;"Mi última partida jugada, con Sona support.
La grandes razones para jugar Sona 

https://t.co/2rgmMeAFIs";30/08/2016 13:38;es;P
770616202993496065;Cristina98Al;"Me estoy cansando a dar rt a esto d ""rt o suspendes"" pa luego suspender fijo ";30/08/2016 13:36;es;N
770605388290985984;LaPequeDeAM;Mi madre me deja ponerme rubia pero no el pelo morado ;30/08/2016 12:53;es;NEU
770605337237975041;RuuthFC7;Por una parte necesito la cena del sábado y volver a estar todos juntos, pero por otro lado pienso que nos vamos a separar y     ;30/08/2016 12:53;es;NEU
770604489753624576;Norambu_;He hecho el primer puré de verduras de mi vida y parece pota y sabe mal ;30/08/2016 12:50;es;N
770431282157330432;Elwolfi10;Por qué tiene que ser mi pelo tan goals mojado y tan mierda despues ;30/08/2016 1:21;es;N
770428638705684480;shawnsxgrier;@HunterRowland duchate rapido babe que tengo sueño ;30/08/2016 1:11;es;NONE
770453393714348032;KristoOnly;Eso de echar de menos tu propia casa son leyendas urbanas ;30/08/2016 2:49;es;NEU
770466250900340737;JuanjoAssassin;Tengo ganas de bronca estoy aburrido, proximo tweet abro el cajon de mierda ;30/08/2016 3:40;es;N
770468520736030720;JuanjoAssassin;Ea ya mañana cuando me despierte empieza la fiesta y ya estare distraido para el largo viaje de Valencia a Cadiz ;30/08/2016 3:49;es;P
770534479072993280;SuperActrices;@lucyhale Las chicas fuertes y guapas han de luchar contra la oscuridad del mundo, que hay mucha. ;30/08/2016 8:11;es;NEU
770532537269678084;GonzaloAscanio;@Carlos_GalindoL @FSanabriaLuis @Jluis_porta @cartoblasto @jjonline76 @uby77 las pequeñas diferencias que enfrentan las dos españas ;30/08/2016 8:04;es;NEU
770607143158444032;spaces_on;@JorgeUfano ¡Muchas gracias por la respuesta! Cualquier cosa, aquí estamos para lo que necesites  ¡Saludos!;30/08/2016 13:00;es;P
770613924031033344;_CorLeonis;Estaba el autobús Benidorm-Madrid al lado con las puertas abiertas y me ha tentado subirme y volver. ;30/08/2016 13:27;es;N
770612988281618432;SarikaDelgado;@KMinorito Es que solo piensa que todas las canciones tristes que tienen (loser por ejemplo) son basadas en experiencia.. ;30/08/2016 13:23;es;N
770632417782661120;garciaemil;@REANYMA @FernandoFabiani No, no, ¡dijo que dejaban de surfear por la cornea! Que se quedaban quietecitas. ;30/08/2016 14:41;es;NEU
770633904072032256;SantaMariaPoloC;@AnaSJuarez @OfficialMauiJim ¡Hola Ana! Te hemos contestado por mensaje privado, donde no hay limitación de caracteres  ¡Gracias!;30/08/2016 14:46;es;NONE
770633713822601216;Blansi93;@Defconplay de hecho lo confirmo, los caminos y las casitas son las mismas ;30/08/2016 14:46;es;NONE
770630118247165952;juangarciaramos;Si algún alma caritativa tiene mac y sabe como instalar excell de windows que me diga pls ;30/08/2016 14:31;es;NONE
770450466220171264;ivo_kk;@SylexVid @EnVy_HarryHook ?  a la derecha aparecen los personajes más jugados en ranked, no lo que vamos a jugar ;30/08/2016 2:38;es;NONE
770431992404082688;Marinagg95;Ya decía yo que lo bueno me iba a llegar tarde o temprano  espero no poder equivocarme;30/08/2016 1:24;es;P
770427312462450688;AranchaDomingue;"Voy a soñar con fórmulas matemáticas, historia del mundo y la pasiva en inglés 
*le explotará la cabesa*";30/08/2016 1:05;es;N
770509927207038976;iri_lr;@XulioePunto Pues escapó.. Y no lo dimos encontrado, estuvimos al menos 5 personas buscando y nada ;30/08/2016 6:34;es;N
770434744748236800;Habi_Nuki;@ragnomuelle Yo a veces hecho de menos mi pelo largo por eso mismo entre otras cosas ;30/08/2016 1:35;es;N
770529111123066880;OrestesCA;@joanllenas es que son todo cosas que me molan  A lo mejor ya conoces speaking.io de Zack Holman también ;30/08/2016 7:50;es;P
769734680748888064;nachittt;"que cansado me tenes albacete... que cansado!!  

sino vuelvo a rosario en verano........... ojo.";28/08/2016 3:13;es;N
770781870636273664;stephernelia;He visto un documental sobre las pirámides los moais y predicciones y ahora me da cosita dormir sola ;31/08/2016 0:34;es;N
770797203157716993;meryfm12;"La regla me esta destrzando el cuerpo
Quiero vomitar, me duele la tripa, la cabeza, tengo fiebre y estoy mareada y pf ";31/08/2016 1:35;es;N
770777535579877376;redesparatorpes;@zapejuana @Exojo @yeya_ade @rosipasmar @gartoro @nshradio Qué bonito... a mí me tiene que pagar las horas extras también, soy así... ;31/08/2016 0:17;es;P
770783076305821696;PabloClavito;@SomeJaneDoe_ nazismo y fangirleo como tú filosofía de vida, doble moral  juju;31/08/2016 0:39;es;N
770874653896273920;vicampuzano;@carlosgterol @MataTweet Si, ayer estuvimos reunidos en Moncloa, pero al final habrá que repetir elecciones ... 😂😂😂 Está que responde! ;31/08/2016 6:43;es;NONE
770874166182604800;nchazarra;@monzonete Cuando me borré Twitter, jeje, esta cuenta es nueva, aunque con el mismo nick ;31/08/2016 6:41;es;NONE
770876718974439424;FIFAntastic_;"Ya es oficia nos quedamos sin Konoplyanka en @LaLiga 

Eso sí, será una alternativa barata a Reus en la Bundes https://t.co/mvOqHl4p53";31/08/2016 6:51;es;N
770941045643341824;tukoberenguer;"Con ganas ya de que llegue septiembre 
Y comenzamos mañana nueva temporada en @DelecturaOblig. 
#adiosagosto";31/08/2016 11:07;es;P
770940498710257666;FranciscodPaula;"@_lauu_20 Gracias por lo de ""ídolo""  Aunque solo soy una persona normal y corriente que escribe libros ";31/08/2016 11:05;es;P
770948309347364864;StayTrueorGTFO;@Rokkowen TODOS SIEMPRE tienen carita de super buenos y adorables pero luego la lían ;31/08/2016 11:36;es;N
770947417130885120;paauliiitaa17;@Sr_Zeta hola vengo de intagram  en verdad ya te seguia pero hola igualmente🙄❤️;31/08/2016 11:32;es;P
770947177657008129;CaptainKimChen;Llevo toda la mañana haciendo cosas y no he podido ver ni moon lovers, ni signal, ni nada ;31/08/2016 11:31;es;N
770944329540075520;arantxaestevez;"""No tenemos la sensación de ir a un trabajo"", din os @PIXIES 
Eu na ofi lendo o @rockdelux, tampouco a teño  https://t.co/MEG8DZVVTn";31/08/2016 11:20;es;P
770943120179691520;respetocanas;@VicentIvars @JJCuerda @eljueves pero hombre, eso ya lo había leído  La pregunta es... ¿Cuál pretende ser el titular completo?;31/08/2016 11:15;es;NONE
770942611997724672;zipiwi;Las horas que son y sigo sin ser capaz de ponerme a estudiar....el sueño puede conmigo ;31/08/2016 11:13;es;N
770915801654329344;LuisMazuecos;"Voy a sentar a mi sobrina en el médico y me dicen uno súper mal ""está ocupado"" y le digo yo, pues se desocupa para la niña ";31/08/2016 9:27;es;N
770915744980795392;Tyranitar_3;"@BenitoVGC el Sabueso es muy malo, el leñador mola 

Quiero minero y mago de hielo ";31/08/2016 9:26;es;NEU
770958769949999104;HarryWuHe;HIJOS DE PUTA, dejad de darle rt a los otros y preguntadle a alguien por mi que no se a cuantos le he dao rt y solo ha respondido 1 ;31/08/2016 12:17;es;N
770958035648913408;LuisLorenzoT;@tonyoaguiar @albertopedroche Anda castrón, comí aquel trocín pequeño que me cortaste ;31/08/2016 12:14;es;N
770787189319925760;lmaneel;A mí nunca me podrán hacer una broma porque no cojo llamadas y menos cuando son ocultas ;31/08/2016 0:56;es;NONE
770795402534715392;Susanameis28;@anaamontull_ @IreneCarro_8 @MariloGarciaa6 con una pequeña donación hará felices a miles de chicas que no tienen  #asociacionmariloli;31/08/2016 1:28;es;P
770910217999712256;Anamasanro;@CatedraRSC_UAH Muchas gracias!! Feliz por haber formado parte de esta edición del Master! ;31/08/2016 9:04;es;P
770909472785039360;ROOTSLOUIS;me cago en mi puta vida y en el puto vecino por hacer tanto ruido de buena mañana ;31/08/2016 9:01;es;N
770926989591056385;LoidaZabala;"@manuelortegama4 se llama Wolf, es la mascota #SeSalen en apoyo a los deportistas paralímpicos 
Más inf https://t.co/KQl89uDr3h 😃";31/08/2016 10:11;es;NONE
770929359611891712;nachusgalaicus;@Realba74 @InterSerEd genial Rebeca !! Este era mi deseo al escribirlo. Seguiré escribiendo en esta linea práctica ;31/08/2016 10:20;es;P
770949040804691968;TaludEria;"#HistoriasAlegresEn4Palabras ""hoy trabajo en compañía"" y es que en @TaludEria se trabaja rodeado de gente muy maja  #Coworking #Oviedo";31/08/2016 11:39;es;P
770933976349417472;Dani_JCE;@Aitt7 calla que yo estoy ahora en mi día libre y las horas se pasan más rápido que poniendo copas en el bar ;31/08/2016 10:39;es;N
770937557823721472;SuperActrices;@CsCValenciana @Albert_Rivera Como mejor luchar contra la crisis, unidos o siempre enfrentados.  Lo tengo claro.;31/08/2016 10:53;es;NEU
770888205822484480;jcenrique;Así leyendo entre líneas y el discurso de @sanchezcastejon igual vota que no a Rajoy. #InvestiduraOndaCero ;31/08/2016 7:37;es;NONE
770887977769766912;felipealatrist1;"@policia. ""Precaución amigo conductor que la senda es peligrosa...."".
Lo importante es llegar. ";31/08/2016 7:36;es;NONE
770884213214248960;DominosPizza_ES;@Julio_C_19 Hola Julio, para que las pizzas lleguen en las mejores condiciones, marcamos la pizza, no la cortamos ;31/08/2016 7:21;es;NONE
770905076315586560;juanjofer55;Ayer fue un día de emociones muy encontrada se acerca septiembre por un lado y por el otro una personita que siempre me hace sonreír ;31/08/2016 8:44;es;NEU
770902925736566784;lolita_pasion;"No silencio lo que calla. Es la vida suspendida hasta que brotan las ganas de bailarla. 

#creatividad https://t.co/VXMZt8AVyJ";31/08/2016 8:35;es;NONE
770877882222673920;xladyoflight;Qué bonito es ser mujer  y que te joda los planes que tenias  y que te despierte el dolor de ovarios  😡😡😡😡;31/08/2016 6:56;es;N
770921497439375361;cagaburon;@tooruskywalker no había casi nadie hablando del tema  (y tampoco puedo encontrar el vídeo, sad);31/08/2016 9:49;es;N
769849378664288257;Ximnart;@ItsMeCar0l ¡Hooola, buenas! Soy el que tenía los ojos rojos en la fiesta de Elle  ¡Te sigo !;28/08/2016 10:49;es;NONE
769848646867222528;Rafuki21;@Rafuki21 178. Sabes que me caes muy muy bien, y que en un futuro te daré un poco el coñazo con dudas de Diseño Gráfico ;28/08/2016 10:46;es;P
769813079597121536;nuriamolines;@Swareles, ¡muchas gracias, Carla! De momento han caído tres, así que no empieza mal el día ;28/08/2016 8:25;es;P
769808917518049280;padelworldpress;¡¡Muchas felicidades en el día de su cumpleaños a un buen amigo como @sagastiker!! A pasarlo en grande, compañero ;28/08/2016 8:08;es;P
769645693090889728;cesarpg99;Hola estoy que reviento por haberme comido un box de kebab ayudadme a morir gracias ;27/08/2016 21:20;es;N
769766061126344704;unadepocas;Después de casi un mes entero sin él... puff, espero no echar temporadas tan largas sin verlo ;28/08/2016 5:18;es;N
769581132543393792;Luciiichi;¿No os pasa que en ferias podéis ver a una persona como unas 29 veces y justo a quien quieres ver no le/la ves ni una jodida vez? ;27/08/2016 17:03;es;N
769580324145754113;G0kuB;Tambien subire el changelog a lo largo de estos dias, estaros preparados porque viene todo de golpe! ;27/08/2016 17:00;es;NONE
769606898899382272;hugomoransuarez;@FutbolModestoEs Que guapísimo , dejaron mendizorroza, pero San mames ... de los + guapos del MUNDO¡¡ sin duda.(opinión) ;27/08/2016 18:45;es;P
769633726254972928;Martuskiya;BABY @BlasAuryn #FollowSpree. y la suerte de la semana pasada???  esto sería demasiado grande para mi.;27/08/2016 20:32;es;N
769633700757770240;JMRojasRecio;@sport JA JA JA JA JA  Teneis el ojino como la bandera de Japón ,hijos de la gran puta ;27/08/2016 20:32;es;N
769628218341072897;arrozconnori;@Tokpelotas estos últimos días han sido una detrás de otra. Ahora mismo nos vamos a La Fe a que miren a Pau, otra vez bronquitis ;27/08/2016 20:10;es;N
769653702554681345;AndresMachoXIII;Creo que pocas veces he estado tan enfadado como esta mañana, pero bueno, entre Uncharted 4 y el ejercicio me han animado ;27/08/2016 21:51;es;NEU
769869979646828544;AiryMadness;Echo de menos a Lexa  mis bragas ya no vuelan tanto como antes. Ya no me hace falta limpiarlas cada 5 minutos ;28/08/2016 12:11;es;N
769868859406950401;sofiablackshop;@AraMalikian Lo hemos pasado en grande con las 4 estaciones. Una auténtica gozada para toda la familia ;28/08/2016 12:06;es;P
769961235186155521;GorritiDonosti;Plan perfecto para terminar el fin de semana. @AthleticClub - @FCBarcelona_es. Después @VillarrealCF - @SevillaFC ;28/08/2016 18:13;es;P
769960084306792449;RCohello;Utopí audiencia estable, media de más de 8'5 en Imdb etc... Pero fue cancelada. No se puede tirar tanto de la manta farmacéutica ;28/08/2016 18:09;es;N
769965167190937600;freepantoja;mi vida es una mierda primero me enamoro de un macedonio en ibiza y ahora del timbales de la panorama ;28/08/2016 18:29;es;N
769959690092642304;AntonioGarciaN2;Tranquilos que con el.dinero de Camacho seguro mañana empiezan las escabadoras en el Arraijanal ;28/08/2016 18:07;es;P
769966461045571584;GorritiDonosti;@Hectorfernandez @Alaves Pellegrino ha dotado al equipo una gran consistencia defensiva. Y buenos fichajes ;28/08/2016 18:34;es;P
769965623615037479;ArvenLoL;"@pichyniboss te queda bien tio!
Espero que esteis todos pasando un buen verano ";28/08/2016 18:31;es;P
769628633543667712;Wonkorota;@PITjjjimenez_PK Denada  porcierto hazme un hueco en tu agenda de combates quiero ver lo que es capaz tu monotype contra el mio ;27/08/2016 20:12;es;P
769664297140125696;kirsweg; Esta semana ha sido tan chachiosa que ya puedo decir que el verano se ha acabado de una manera decente  y lloro;27/08/2016 22:34;es;NEU
769642483869446144;Cristi_latin;@FrayJosepho @Hienosdeorgullo @Capt_E_Navarre Más bien imposible. A no ser q se convierta al Islam, claro ;27/08/2016 21:07;es;NEU
769640318920720384;Minikiwii;Apenas me he muerto de miedo pasando por la plaza donde se hace la hoguera de San Juan toda oscura. ;27/08/2016 20:58;es;N
769904504531722240;ToniTovarB;@pocho_f1 pero McLaren parece q mejora, 1,5s mas rápido que el año pasado en Qualy, y mantuvo a raya a los williams en Spa! ;28/08/2016 14:28;es;P
769829491246071808;RockNTalk1;"Como dice @quique_gonzalez , se escapa otro verano en un furgón blindado  

@salaBBK #Bilbao #QuiqueGonzález

https://t.co/WeaevYCT2L";28/08/2016 9:30;es;N
769826140693401600;Iaben5;"No he ganado ni ganaré nada del concurso 
Me lo esperaba,soy gafe y al fin y al cabo la suerte no esta NUNCA de mi parte. #prayforiaben";28/08/2016 9:17;es;N
769903787184164864;TheFuryoStyle;En verdá llevo sin jugar al pokemon go desde que volví de Galicia porque ver que en Madrid no me sale nada guay me deprime y mucho ;28/08/2016 14:25;es;N
769902370755084289;AmbrxsiaXV;Mi padre le ha dado un manotazo a mi móvil y gracias a Dios que lo que se ha roto ha sido el cristal templado ;28/08/2016 14:20;es;N
769908335315484672;bloodOfDragon_;Quiero el pelo negro azulado y no sé cómo conseguirlo  los tintes de ese color que me he echado, no han hecho nada.;28/08/2016 14:43;es;N
769906825756106752;andreaporcell;@Serjo77_ ya pero que estoy diciendo que el feminismo no es lo contrario de machismo es el hembrismo q como tu dices, no existe ;28/08/2016 14:37;es;NONE
769880968807190528;aladroqe;@ithaisa_sm @SuperScienceMe La verdad es que si, muy bonito  Me alegro que te haya gustado ! Y que hayas aprovechado el paseo virtual jeje;28/08/2016 12:55;es;P
769620100475449344;Sergi4869;@Nuchiky está en textos en inglés y voces en japonés. Que desilusión me he llevado al poner el juego  habrá que acostumbrarse 😕;27/08/2016 19:38;es;N
769599335092944896;SirWhitesides_;¿lo más gracioso? que si no defiendes/apoyas/eres activista del feminismo pues ya eres un machista opresor ;27/08/2016 18:15;es;N
769598638007939072;aladroqe;@saez_cristina @muyinteresante @Fairphone Genial ! Está genial que la gente conozca un poco más estas alternativas ;27/08/2016 18:13;es;P
769598400572624896;SuperActrices;@ciberchenet Porque nunca nos toca un arbitro bueno? Hay alguno que sea bueno para el Valencia? ;27/08/2016 18:12;es;N
769623178666733568;verii_180;Nunca he tenido esta sensacion, ¿me la harías sentir? Es muy importante para mí Blas @BlasAuryn  #followspree;27/08/2016 19:50;es;NEU
769580253459148800;rocioglezb99;@Idolsftdjom @_jesus_OM @DanieloviedoM obviamente tia JAJAJAJAJA q soy la mayor  osqqqqq pero venir ya ofu;27/08/2016 17:00;es;NONE
769875908933120000;DanielRSanchez_;@borjald Ahora, la alternativa es incoherente e igual de inviable a día de hoy. En eso creo que estamos de acuerdo ;28/08/2016 12:34;es;N
769873590942633986;MaiteVarasOrtiz;@SergioRevolS Pero este verano tampoco ha llegado a hacer calor, sobre todo si lo comparamos con el pasado ;28/08/2016 12:25;es;P
769917463400153093;Sir_Cuncidado;@mariamira67 que nos regales con capturas de imagen de tus actividades ya no es sorpresa. Lo sorprendente es que tienes inivitado! ;28/08/2016 15:20;es;P
769831009613479936;VICIOATOMICO;"@Avenghelyne un bq Aquaris m5.5 de hace un mes exacto y ya fallan cosas 

Busco uno que sea fluido y no me de problemas y buena garantia";28/08/2016 9:36;es;N
769818969796739072;merceroura;@eloycanovas jajaja! genial, te deseo lo mismo  los días se construyen, verdad?;28/08/2016 8:48;es;P
769816336306429953;ItsBorguing;@leeahistheway ya... ha sido muy grotesco por mi parte poner una foto de Ojeda a las 10:30. Perdona ;28/08/2016 8:38;es;N
772545702874476545;dilleu;@sdelgadoaros ..por cierto, en USA obligan a parir a una niña de 12 años, embarazada a caua de una violación..? (Es para unas amigas) ;4/09/2016 21:23;es;N
772544493614690304;ChequioProGamer;Y los directos deberían ser totalmente estables (ya que en Madrid solían darme problemas) Se vienen cosas chulas ;4/09/2016 21:18;es;P
772542207828062208;obsesionyoutube;odio la ubicación de tw porque yo la quiero dejar puesta pero cada vez que tuiteo me sale el nombre de mi pueblo y no quiero eso ;4/09/2016 21:09;es;N
772539643720007680;DannyDME;Hola @TonyAguilarOfi nos gustaría escuchar #UnMinutoSinDolor nuevo single promocional de @DulceMaria en #40GlobalShow51 @40GlobalShow ;4/09/2016 20:59;es;P
772551954425872384;migguis;@JuditRT home pues todos. L y M me tengo que levantar prontisimo para solo una hora y luego X, J y V tengo muchas horas  y clase todos los;4/09/2016 21:48;es;N
771440336572915712;jordicastalla;@Pudimos_ @iunida brutal! Como se parece a las manis separatistas en Catalunya!! Espero que todos consigan la anhelada libertad ;1/09/2016 20:11;es;P
772425237879222272;calonsonet;@jcrlaguera @sinfaltas_com @delcastellano sí, es usual en País Vasco y zonas limítrofes, pero no me cabía lo último en el tuit ;4/09/2016 13:25;es;NONE
772500343477403652;pvil;@jrfern @xarxatic IA no llegó a ser social. Fue un espacio social de dinamización, muy útil, pero con fecha de caducidad. Y abrumador. ;4/09/2016 18:23;es;N
772506066219335680;nati_cornide;@oskiblasco te juro que cuando el que ganó el pantin classic tiro la gorra y yo salte a por ella me calleron 2 encima y me aplastaron  JAJ;4/09/2016 18:46;es;N
772478723996184577;ElenaG7777;@pacoleonbarrios Aun hace calor pero las piscinas ya están cerradas y el mar pilla lejos  El Corte inglés no ha dicho aún que se acaba...;4/09/2016 16:57;es;N
772043224714190849;gaab75;".@enricaar @aurearamon @Congreso_Es @Esquerra_ERC @gabrielrufian El sigu escuela y administración trilingüe.  ¿Le parece?  ""#somescola""";3/09/2016 12:07;es;NONE
772080944140394496;SofiaBonham;La envidia que le tengo a los que están conociendo a Jenko y Danielle ahora mismo no es normal. Es que ya aunque coja un avión no llego. ;3/09/2016 14:36;es;N
772375984301568000;estherBA247;Me alegro mucho por vosotros! Sois una familia ideal  @mola_viajar aqui v si es niño Erik y si es niña Esther jaja 💗;4/09/2016 10:09;es;P
772521623551348736;SloppyBel;@V966Cobano Ojalá personaje! Pero tengo examen el 12  De todas formas hablamos para la semana siguiente que ya se lo he dicho a Fernando!;4/09/2016 19:48;es;N
772508906828562432;FlyXena;#astroymas lo necesito. Se me acaba de romper   snifff snifff  gran podcast!!! saludos desde A Coruña (España)   ;4/09/2016 18:57;es;N
772448468560441344;WoloHD;Bueno, pues vamos a recuperar el tiempo perdido. Empezare por descargarme el Manchester City - West Ham, a ver que tal ;4/09/2016 14:57;es;P
772487315042209792;SoyCibelino;@Se_Wilk @CiutadansCs @PrensaCs @mrhciudadanos @AlfonsoRojoPD Gran capacidad de análisis de @InesArrimadas en esa entrevista. #visión ;4/09/2016 17:31;es;P
772462960698650625;jmmacias7;"#feliz domingo.. que todos encontremos la gloria bendita, el ocio, la magia, los besos compartidos de amor, el duende..
";4/09/2016 15:54;es;P
771432130886901760;santicorriendo;@llillitto @CarreraCSIC @TrofeoJose_Cano @correporsiria @mediodemadrid @MitinAtletismo @nortevssur1 gracias  me lo paso genial haciéndolo!;1/09/2016 19:38;es;P
771386037214048256;SarikaDelgado;"@astrongergirl "" En algún momento empecé a mirar más al suelo que al cielo "" "" Estoy harto de llorar, así que intento sonreír "" ";1/09/2016 16:35;es;N
771352799607160833;Adrianix_10;@AccidentesTV Tengo entendido que en ese vídeo los que salen son trampeadores que se dedican a atrapar y luego liberar lobos sin muerte ;1/09/2016 14:23;es;NONE
771399989176205313;fani8_8;Ahora que empiezan las jornadas de toros en esta ciudad me pongo un poco más triste al ver que seguimos sin evolucionar en muchas cosas ;1/09/2016 17:31;es;N
771377812053819392;Pat_Shuder;Que dificil es retomar los estudios despues de dos meses sin tocar un libro.. #pereza #ganascero #septiembre=examen ;1/09/2016 16:02;es;N
771457906516566016;BrockmansGin_es;@ClaudioSensasao @MsRose_84 @geraldine_balme ¡Cada vez sois más! Las risas están aseguradas entonces. Mañana preguntamos, dadlo por hecho ;1/09/2016 21:21;es;P
771456610552123392;ratoncito2015;@Oviedo_crt digamos que soy lo bastante mayor para q si se pone tonta,ponerla en mis rodillas y darle unos azotes en el culete ;1/09/2016 21:16;es;N
771471322283175937;josefelipem;@gregollaniz @juliorj10 Hablaba normal, con alguien, antes de q usted se metiera insultando. Debería tener más educación ;1/09/2016 22:14;es;N
771477031288729604;JumperHarry;@escardi muchas felicidades en el día de tu cumpleaños sensual, espero que te lo pases genial y recibas muchos regalos suculentos ;1/09/2016 22:37;es;P
771339035445002240;jmmacias7;"#feliz septiembre..es bonito retarse..es increible lo mucho que puedes aprender.. medirse con el obstáculo..eres la joyita de la corona
";1/09/2016 13:28;es;P
771338661933834240;vicentejuan;@juanlebrijo Esa posibilidad está contemplada y, si hiciera falta, x el bien de España y por responsabilidad volvería a hacerse sin dudar ;1/09/2016 13:27;es;NEU
771337490317840384;nesain;No puedo evitar ir a beber una lata de refresco y acordarme de @LourdesBiurrun family y terminar sirviéndome en vaso... ;1/09/2016 13:22;es;NEU
771337139976015873;rebecasaray;@MadnessOctopus ya... hay gente que es capaz de hacer eso. Yo si me corazón me pide poner cara de seta. No soy capaz de sonreir ;1/09/2016 13:21;es;N
771335742480084992;Luvbrains;@Moguei @Begomix no tiene bastante con tener DOS puntos de salud, además está enamoradísima de la princesa y la princesa de la mala ;1/09/2016 13:15;es;N
771361293861289985;TheDayILetGo;"@Dekainfame sí, he leído eso, pero luego he leído OTOÑO, NOVIEMBRE, DICIEMBRE y me ha dado bajón 
Además no tengo ni ds ni juego ";1/09/2016 14:57;es;N
771296174066245632;vicentejuan;@JosMan_GoGi El efecto a largo plazo es la desafección mayoritaria entre la izquierda  El votante se cansa y se queda en casa.;1/09/2016 10:38;es;N
771304215746445312;manal20102;@Sara_benben pero el caso es que en Humanidades hay latín y griego y yo en mi vida he dado latin y griego así que me iria fatal en ellas ;1/09/2016 11:10;es;N
771308689810534402;Catisanroman;"URGENTE!!! VENTA MY NAME TIKETS!!!
Tengo dos tickets ULTIMATE VIP pero no podemos ir  los vendo más baratos, contactad conmigo!!!";1/09/2016 11:28;es;NONE
771302640252747777;ganchetto;@CucoRguez Ya, estoy jugando al ratón y al gato. No solo voy, me quedo a dormir mañana en vuestro hotel. Quedamos fijo. ;1/09/2016 11:04;es;P
771720387751211008;TheOriol3333;@Alvaro845 @progames045  tienes toda la razon alvaro! Soy un gran fan tuyo tu me enseñaste casi todo de clash of clans, eres el mejor!!! ;2/09/2016 14:44;es;P
771783543575937024;Patry_92_Sax;@DBeletujo ajajajaja yo en Benidorm vi a dos mujeres con carritos de bebé y los perros dentro y cuando las vimos nos quedamos flipados ;2/09/2016 18:55;es;N
771791555493498880;SuperActrices;@SophiaBush Pero me gusta la Idea.  Ver chicas fuertes luchando al estilo Dragon Ball Z y en versión real. ;2/09/2016 19:27;es;P
771493603759812608;lavadorx;@timetransfixed_ te juro que no me acuerdo solo sé que alba hizo el vídeo inmitándole, no recuerdo absolutamente nada del original ;1/09/2016 23:43;es;N
771468748607881216;ParanoidNeva;"@bigotingos 

Ilustres, Jose.

Qué fácil salen los insultos viendo cómo hemos empezado Burgos y Murcia ";1/09/2016 22:04;es;N
771608605757890560;dafranganillo;Han talado el abedul gigante que había en la esquina de Ríos Rosas con Castellana  ¿Alguien sabe porqué? #Madrid;2/09/2016 7:20;es;N
771615244720365568;CiudadanoMalaka;"Demasiadas cosas raras en poco tiempo! Anda y que les follen
0 complicaciones
0 historias 
 Me voy a la playa y viva España! ";2/09/2016 7:46;es;N
771807457567965184;gdetorres;Acabo de comprobar en Linkedin  si eras mi antiguo alumno, tengo un gran recuerdo @alexldguevara  Te deseo lo mejor @vlcextra;2/09/2016 20:30;es;P
771695148568813569;jaimecores;@Pedro_GarMu uy qué bien me vendría para colocar la WiFi, el portátil, las flautas, el saxo, el nariclete, las partituras y mi desorden ;2/09/2016 13:03;es;P
771694556005924864;merceroura;@Comunikaa2 me alegro mucho!! es importante darnos cuenta del gran valor que podemos aportar y encontrar nuestra misión ;2/09/2016 13:01;es;P
771861553067032577;AndresMachoXIII;Yo estaba cansadete, pero de repente me habla a un amigo para jugar un ratejo a la Beta de Battlefield 1, y quién le dice que no al chico ;3/09/2016 0:05;es;P
771835991892131840;caval100;"Es decente tener un Gobierno democrático que cumpla su función politica. NO lo es tener un Gobierno que representa la #corruPPción
";2/09/2016 22:23;es;N
771838834975838208;GammaTeruo;@TichKhan_ d los cines donde la hacen este finde,el+accesible es el icaria,q ha bajado precios(no me pagan xD),o las matinales de DiagMar ;2/09/2016 22:34;es;P
771874957882171392;ASESINATOREROS;nos subtitulos de Bojack horseman tan hablando de El Pais, El Mundo, El Mundo Today y Alaska y Mario y ye terrible ;3/09/2016 0:58;es;N
771846863754555392;pmklose;@juanarza @JuanCladeRamon lo he intentado. Espero q en los próximos días veamos una ilustración práctica q ayude a clarificarlo ;2/09/2016 23:06;es;N
772771364696649728;lucasfh1976;@BiciMAD Bien, ahora solo falta que pongáis una estación en #PuenteDeVallecas para poder ir en bici hasta mi casa ;5/09/2016 12:20;es;P
772838570860118016;Reap_Jacker;@RinAnllel Uno aprende que el mejor momento de crear bonitos recuerdos es el presente, el pasado ya fue, te toca elegir lo que va a ser ;5/09/2016 16:47;es;P
772872089489539072;PatriJBDL;@pasapalabraT5 @RaquelBielsa @_fraanb_ Gracias, lo único que me hace feliz es escuchar música, adivinar y ganar ;5/09/2016 19:00;es;P
772868083891466241;carlitcat;@Anina97 Pues a mi me pasó una experiencia paranormal allí de noche y no he vuelto, pasé muchísimo miedo ;5/09/2016 18:44;es;N
772856297314222080;WoloHD;Esta decidido. ¡Habrá Modo Carrera en el canal en FIFA 17! Si este tweet llega a los 30 likes desvelaré el equipo con el que se hará ;5/09/2016 17:57;es;NONE
772818960173719552;XemariMV;@MoratoX_ genial, pero ten cuidado está muy vigilado, este está hecho con uno casi de juguete, Syma X5c, casi no entraña riesgo ;5/09/2016 15:29;es;NEU
772816974388887553;Paynoishottie;"Tengo dos horas seguidas de latín y griego.

Dos horas seguidas con la misma profesora.

Menos mal que me cae bien.

Pero son DOS horas.

";5/09/2016 15:21;es;NEU
772813954955481088;KruzioBaal48;@YJaretir al cine no es romántico, vale. Yo de regalar algo soy más de dildos, lubricantes, o comida, algo de buen uso y luego doy masaje ;5/09/2016 15:09;es;N
772796443623129095;XemariMV;@DesireeDelgado yo llevo medio verano debajo de la dichosa máquina... menudo verano largo este año de sofoco... ;5/09/2016 14:00;es;N
772799248828170241;LaraIglesiasFon;Cuando suben tres fotos tuyas representando tres clases de la Escuela de Música y sales de todo menos bien ;5/09/2016 14:11;es;N
771107499281903616;AlexysFlinG;@___abm13 me has borrao del lol? ;31/08/2016 22:08;es;N
771268891834130433;Ralbarn;@aletheia7 sí, ya estoy resignado en ese sentido ;1/09/2016 8:50;es;N
773304255570644992;Ujsharp;Era más grande de lo que parece. ;6/09/2016 23:37;es;NEU
773280415209619456;CristinaBargue1;@Galan_Javichu lo que estoy es deprimida ;6/09/2016 22:03;es;N
773338659982639106;xrcklssx_;tu en serio por que sois tan tontos ;7/09/2016 1:54;es;N
773513978215600128;Ivanah_Gr;Iré a la bgw con una pequeña sorpresa ;7/09/2016 13:31;es;NEU
773519734390349825;ireneegarcia5_;No es que ahora no sea feliz, pero antes lo era más ;7/09/2016 13:54;es;N
774733804833472512;Esme_Merme;Mañana va a ser un día guay ;10/09/2016 22:18;es;P
774695287717855232;torresburriel;Qué jodido es ser del @RealZaragoza hoy ;10/09/2016 19:45;es;N
773655060484153348;TheZomberKids;@marinj460 a mi me a pasado en la 76 ;7/09/2016 22:51;es;NONE
773551888990076928;MessMind_;Estoy muy preocupado por él con lo bueno que es ;7/09/2016 16:01;es;NEU
773650684386443266;luuu_g;@Pattvh_ no porque no los tienes activados a todos ;7/09/2016 22:34;es;NONE
773667964021272576;Isitaaa14;@MrJungla ya somos dos, que triste ;7/09/2016 23:43;es;N
773667831498018821;Haus0fJau;@DovakhiinMudo 9 por lo buenico que eres  💜;7/09/2016 23:42;es;P
773238965709176832;maoliverf;@chefidiaz no seas muy dura ;6/09/2016 19:18;es;N
774194312007520256;rubiaa17del99;Ya me encuentro mucho mejor. ;9/09/2016 10:34;es;P
773970808192528384;Thigfall;alguien duo por la noche? ;8/09/2016 19:46;es;NONE
774749669180182530;josevilli777;Que os den, buenas noches ;10/09/2016 23:21;es;N
774979102742876160;TSMVayne;Hoy es un día especial. Feliz 11S. ;11/09/2016 14:33;es;P
774978402377949184;damiancillo15;@anna_delaossa ya no tengo mas , soy pobre ;11/09/2016 14:30;es;N
774957359894556676;judithgoan;Quiero ir a la Diada ;11/09/2016 13:06;es;NEU
775005791136997377;_silverbolts;@AndreaJArsenal a mí en directo pero ;11/09/2016 16:19;es;NONE
773444810044768256;ClinicaPardinas;@CodigoNoVerbal Tanto como nosotros de que la impartas ;7/09/2016 8:56;es;P
775044444118720512;gamusino;@Ssictor No todos somos gilipollas ;11/09/2016 18:52;es;N
773112600284499968;elenaalbendin;Un día la casa para mi sola por fín ;6/09/2016 10:56;es;P
773210077381718016;EmiSouled;"@VasoDeLejia Pero si yo soy inocente 
o no lo soy..";6/09/2016 17:23;es;NEU
773136593150443520;eLagzb_;Luego la rara soy yo ;6/09/2016 12:31;es;N
773184057387655168;Rovirolas;Esto de estar feliz mola ;6/09/2016 15:40;es;P
773162483821449216;amarowalker;que ganas del FF XV en serio ;6/09/2016 14:14;es;NEU
773126032626970624;yeray_banho;@Monicadocatelan no se si seré tan despreciable ;6/09/2016 11:49;es;N
773027014513139714;inmalg00;Las 7 y cuarto y yo aquí ;6/09/2016 5:16;es;NONE
767848662747770880;DannySparks1984;@WaterLiliesMon_ no las des, en serio. ;22/08/2016 22:19;es;NONE
767680782135590912;louishufflepuff;@showmystyles pero esa no es bonita ;22/08/2016 11:12;es;N
768784012966031361;TheFuryoStyle;@ionrumanboy no es tan facil ;25/08/2016 12:16;es;N
768895216027860992;SaraBJForever;Ya me han picado los bichos ;25/08/2016 19:37;es;N
768868652795977728;Mari_Estopera;Me voy a despejarme un poquito por ahi ;25/08/2016 17:52;es;NEU
767366115999834112;_Pandiitaah_;Que coraje me dan lxs prepotentxs ;21/08/2016 14:21;es;N
767394018527436800;Luciiarodriigue;ah bueno y no tengo dinero ;21/08/2016 16:12;es;N
767521151262351361;Neeeith_;Encima estoy en mal de amores tio. ;22/08/2016 0:37;es;N
767432328381693952;andreamouri1405;En realidad no soy tan blanca ;21/08/2016 18:44;es;NEU
767388791543914497;_Vicsc_;Tengo los md abiertos Crushes ;21/08/2016 15:51;es;NONE
768234582630072320;Amanda_13_19;Lo peor es que no es aposta ;23/08/2016 23:52;es;N
768184386206441472;nlxhss;@nyctophyle tia eso es muy raro ;23/08/2016 20:33;es;N
768163226240647168;swftmichael;Soy muy obvia pero me la suda ;23/08/2016 19:09;es;NEU
768067818378104832;SacandoRabia;@ibk_lx7 Ps porque tú lo eres conmigo ;23/08/2016 12:50;es;NONE
767817325680660481;Littlewaarrior_;@eduarsarcos yo no soy normal ;22/08/2016 20:14;es;N
769274823818215424;proudandclear;tenía un mensaje directo y estaba ;26/08/2016 20:46;es;NONE
769307188326240256;ItsGoBieber;@cakebaess no lo es, tranquila ;26/08/2016 22:55;es;P
769325141121703936;CristianHilton;Me estoy muriendo de lo malo que estoy ;27/08/2016 0:06;es;N
769190253911543808;loyalty_nd_hate;@Maria_livefree yo ya lo tengo bonica ;26/08/2016 15:10;es;P
768382033429164032;runesonmyskin;A ver súper cutie y tal pero ;24/08/2016 9:38;es;N
768371291275624448;ClubFansArgiGH;Me encuentro muy mal hoy no estoy para trabajar ;24/08/2016 8:56;es;N
769559274104164352;AlexysFlinG;@Mentestropeada Bof tio que duro ;27/08/2016 15:36;es;N
768942387305521152;Forgottenhands;@Hekiina es que la intimidas ;25/08/2016 22:45;es;N
768961384424038402;dalejandrob_;@mariaaravjo oye pero yo no soy tan burguesito sbs ;26/08/2016 0:00;es;N
768772572754436098;Chocooaddict;@GordoMaestro No lo soy lemado ;25/08/2016 11:30;es;NEU
757481442532286464;lxyal_;Xq ta cerrao el estanco ;25/07/2016 7:43;es;N
757601971562024964;Pecachuk;@YelouKitty pero eso no es grasioso ;25/07/2016 15:42;es;N
757593585634213888;RubenRuCh;@Davorias Pero es que está muy rica ;25/07/2016 15:09;es;P
757585725764362240;rayjaken;@narvalillo Eso es antiguo ya ;25/07/2016 14:38;es;N
757097408304148480;Fuhyo__;Mi TL esta vacía a estas horas ;24/07/2016 6:17;es;N
757971881077182464;xLytherinDovah;Ya tengo uno, pero ese es más cheto  @aweamasome.;26/07/2016 16:12;es;NEU
757949870124695552;ShiraPamer;Estoy sensible y lloro por todo y ;26/07/2016 14:45;es;N
